Elemento,R,X
R1-2,0.00806,0.028491
R1-3,0.007039,0.024884
R1-5,0.016323,0.057702
R1-6,0.010664,0.029716
R1-7,0.015996,0.044574
R1-10,0.003061,0.010819
R2-4,0.003061,0.010819
R2-5,0.000102,0.000361
R2-8,0.006121,0.021638
R3-4,0.00102,0.003606
R3-6,0.011651,0.041185
R3-7,0.005509,0.019475
R3-9,0.005885,0.02339
R3-10,0.005885,0.02339
R4-6,0.020739,0.112515
R4-7,0.012242,0.043277
R4-8,0.001944,0.010548
R9-10,0.034491,0.143731
